Radial Distance	B
0.0315	19.24
0.013	19.35
0.046	19.46
0.05575	19.57
0.0675	19.69
0.08175	19.79
0.099	19.88
0.1195	19.97
0.1315	20.01
0.14475	20.07
0.15925	20.15
0.17525	20.21
0.19275	20.25
0.212	20.28
0.233	20.32
0.2565	20.35
0.282	20.38
1.725	21.42
1.8975	21.68
2.0875	21.98
2.295	22.17
2.525	22.41
2.7775	22.8
3.055	23.19
3.3625	23.71
3.6975	24.3
